{
    "backend": "django",
    "db_name": "",
    "db_pass": "",
    "db_type": "sqlite",
    "db_user": "",
    "dbms": "1",
    "description": "generated product",
    "design": "pixel-bootstrap",
    "docker": "1",
    "err_code": 0,
    "frontend": "",
    "heroku": "0",
    "pattern": "mvc",
    "pro": "0",
    "task_id": "36776f20-0a35-4449-8714-a649a342a8d3",
    "task_info": "Task is running",
    "task_result": "SUCCESS",
    "task_state": "RUNNING",
    "task_ts_end": "2022-05-31-08-03-51",
    "task_ts_start": "2022-05-31-08-03-51"
}